Customer ID,Customer Name,Gender,City,State,Region
C1001,Komal Mehta,F,Surat,Gujarat,West
C1002,Aarav Agarwal,Male,Coimbatore,Tamil Nadu,South
C1003,Divya Rao,F,Kolkata,West Bengal,East
C1004,Ishita Iyer,F,Chennai,Tamil Nadu,South
C1005,Yash Mehta,Male,Chennai,Tamil Nadu,South
C1006,Simran Agarwal,Female,Kolkata,West Bengal,East
C1007,Gaurav Gupta,Male,Chandigarh,Chandigarh,North
C1008,Pranav Malhotra,M,Ahmedabad,Gujarat,West
C1009,Priya Sharma,Female,Gurugram,Haryana,North
C1010,Aditya Reddy,Male,Mumbai,Maharashtra,West
C1011,Siddharth Das,Male,Indore,Madhya Pradesh,West
C1012,Ashish Sharma,Male,Noida,Uttar Pradesh,North
C1013,Ritika Reddy,F,Noida,Uttar Pradesh,North
C1014,Kunal Joshi,Male,Noida,Uttar Pradesh,North
C1015,Kunal Mukherjee,Male,New Delhi,Delhi,North
C1016,Sanjay Rao,Male,Lucknow,Uttar Pradesh,North
C1017,Varun Pillai,M,Mumbai,Maharashtra,West
C1018,Divya Mishra,Female,Chennai,Tamil Nadu,South
C1019,Aarav Bansal,Male,Kochi,Kerala,South
C1020,Pooja Kulkarni,Female,Kolkata,West Bengal,East
C1021,Sanjay Singh,Male,Lucknow,Uttar Pradesh,North
C1022,Nikhil Iyer,Male,Chandigarh,Chandigarh,North
C1023,Riya Bansal,Female,Chennai,Tamil Nadu,South
C1024,Manish Mehta,Male,Chennai,Tamil Nadu,South
C1025,Aditya Chopra,Male,Gurugram,Haryana,North
C1026,Kavya Kaur,Female,New Delhi,Delhi,North
C1027,Anjali Menon,Female, Gurugram  ,Haryana,North
C1028,Divya Mishra,F,Kolkata,West Bengal,East
C1029,Priya Agarwal,Female,Nagpur,Maharashtra,West
C1030,Aditi Mukherjee,F,Mumbai,Maharashtra,West
C1031,Kavya Khanna,F,Noida,Uttar Pradesh,North
C1032,Deepak Gupta,Male,Kochi,Kerala,South
C1033,Ritika Shah,Female,Hyderabad,Telangana,South
C1034,Mohit Menon,M, Mumbai  ,Maharashtra,West
C1035,Rajesh Pillai,M,Noida,Uttar Pradesh,North
C1036,Amit Kulkarni,M,Chennai,Tamil Nadu,South
C1037,Aditya Verma,Male,Bengaluru,Karnataka,South
C1038,Tarun Rao,Male,Bengaluru,Karnataka,South
C1039,Ritesh Shah,Male,Pune,Maharashtra,West
C1040,Aditya Chauhan,M,Patna,Bihar,East
C1041,Ishita Chauhan,Female,Hyderabad,Telangana,South
C1042,Karan Chopra,Male,Coimbatore,Tamil Nadu,South
C1043,Divya Bose,Female,Mumbai,Maharashtra,West
C1044,Komal Tiwari,Female,Coimbatore,Tamil Nadu,South
C1045,Anjali Nair,F,Ludhiana,Punjab,North
C1046,Anjali Kaur,Female,Jaipur,Rajasthan,North
C1047,Riya Desai,Female,Kolkata,West Bengal,East
C1048,Nikhil Kulkarni,Male,Mumbai,Maharashtra,West
C1049,Tarun Joshi,Male,Ahmedabad,Gujarat,West
C1050,Aditya Menon,Male, Bhubaneswar  ,Odisha,East
C1051,Mohit Nair,Male,Patna,Bihar,East
C1052,Ritika Agarwal,Female,Mumbai,Maharashtra,West
C1053,Ishita Nair,F,Surat,Gujarat,West
C1054,Aditi Chopra,Female,Chandigarh,Chandigarh,North
C1055,Divya Khanna,Female,Gurugram,Haryana,North
C1056,Komal Kulkarni,Female,Lucknow,Uttar Pradesh,North
C1057,Ritika Rao,Female,Mumbai,Maharashtra,West
C1058,Tarun Singh,Male,Kochi,Kerala,South
C1059,Lakshmi Bansal,F,Nagpur,Maharashtra,West
C1060,Rohan Rao,Male,Mumbai,Maharashtra,West
C1061,Priya Mishra,Female,Gurugram,Haryana,North
C1062,Manish Chopra,Male,Gurugram,Haryana,North
C1063,Divya Gupta,Female,Chennai,Tamil Nadu,South
C1064,Riya Khanna,Female,Pune,Maharashtra,West
C1065,Pranav Yadav,Male,Kolkata,West Bengal,East
C1066,Vandana Singh,F,Chandigarh,Chandigarh,North
C1067,Amit Joshi,Male,Bengaluru,Karnataka,South
C1068,Harsh Chopra,M,Noida,Uttar Pradesh,North
C1069,Komal Bose,F,Hyderabad,Telangana,South
C1070,Vikram Patel,M,Ahmedabad,Gujarat,West
C1071,Neha Rao,Female,Bhubaneswar,Odisha,East
C1072,Preeti Mukherjee,F,Hyderabad,Telangana,South
C1073,Gaurav Patel,Male,Ranchi,Jharkhand,East
C1074,Preeti Pillai,Female,Patna,Bihar,East
C1075,Sanjay Yadav,Male,Indore,Madhya Pradesh,West
C1076,Sakshi Chopra,Female,Gurugram,Haryana,North
C1077,Anjali Rao,F,Pune,Maharashtra,West
C1078,Vikram Das,Male,Hyderabad,Telangana,South
C1079,Swati Gupta,F,Bengaluru,Karnataka,South
C1080,Ritesh Verma,Male,Hyderabad,Telangana,South
C1081,Karan Iyer,Male,Bhubaneswar,Odisha,East
C1082,Komal Nair,Female,Gurugram,Haryana,North
C1083,Simran Malhotra,Female,Kolkata,West Bengal,East
C1084,Ashish Gupta,Male,Indore,Madhya Pradesh,West
C1085,Deepak Chopra,Male,Ranchi,Jharkhand,East
C1086,Bhavna Bose,F,Mumbai,Maharashtra,West
C1087,Ankit Patel,Male,Kolkata,West Bengal,East
C1088,Gaurav Chauhan,Male,Jaipur,Rajasthan,North
C1089,Aarav Desai,Male, Surat  ,Gujarat,West
C1090,Yash Mehta,Male,Kolkata,West Bengal,East
C1091,Simran Yadav,Female,New Delhi,Delhi,North
C1092,Gaurav Bansal,Male,New Delhi,Delhi,North
C1093,Divya Bansal,Female,Nagpur,Maharashtra,West
C1094,Mohit Singh,M,Indore,Madhya Pradesh,West
C1095,Karan Shah,Male,Nagpur,Maharashtra,West
C1096,Tanvi Nair,Female,Surat,Gujarat,West
C1097,Aditi Sharma,Female, Indore  ,Madhya Pradesh,West
C1098,Yash Yadav,Male,Jaipur,Rajasthan,North
C1099,Yash Patel,M,Kochi,Kerala,South
C1100,Payal Bansal,F,Mumbai,Maharashtra,West
C1101,Pooja Das,Female,Noida,Uttar Pradesh,North
C1102,Kavya Chauhan,F,Lucknow,Uttar Pradesh,North
C1103,Mohit Shah,Male,Pune,Maharashtra,West
C1104,Komal Das,Female,Mumbai,Maharashtra,West
C1105,Ashish Reddy,Male, Mumbai  ,Maharashtra,West
C1106,Vikram Kaur,M,Kolkata,West Bengal,East
C1107,Lakshmi Nair,F,Lucknow,Uttar Pradesh,North
C1108,Gaurav Bansal,M,Lucknow,Uttar Pradesh,North
C1109,Payal Khanna,F,Hyderabad,Telangana,South
C1110,Ananya Menon,Female,Mumbai,Maharashtra,West
C1111,Meera Sen,Female,Noida,Uttar Pradesh,North
C1112,Ananya Mehta,Female,Bengaluru,Karnataka,South
C1113,Anjali Yadav,Female,Pune,Maharashtra,West
C1114,Shreya Rao,F,Patna,Bihar,East
C1115,Rohan Rao,M,Kochi,Kerala,South
C1116,Pranav Gupta,Male,Hyderabad,Telangana,South
C1117,Aditya Agarwal,Male,Noida,Uttar Pradesh,North
C1118,Harsh Tiwari,Male,Bengaluru,Karnataka,South
C1119,Aditya Bansal,M,Mumbai,Maharashtra,West
C1120,Ritika Bansal,F,Chennai,Tamil Nadu,South
C1121,Vikram Iyer,Male,Jaipur,Rajasthan,North
C1122,Simran Sen,Female,Bengaluru,Karnataka,South
C1123,Gaurav Nair,Male,Chennai,Tamil Nadu,South
C1124,Nikhil Das,Male, Jaipur  ,Rajasthan,North
C1125,Bhavna Malhotra,Female,Mysuru,Karnataka,South
C1126,Riya Khanna,F,Mumbai,Maharashtra,West
C1127,Ritika Bansal,Female,Bengaluru,Karnataka,South
C1128,Preeti Kulkarni,Female,Coimbatore,Tamil Nadu,South
C1129,Amit Kulkarni,Male,Mumbai,Maharashtra,West
C1130,Arjun Chopra,Male,Kochi,Kerala,South
C1131,Simran Joshi,Female,Kolkata,West Bengal,East
C1132,Anjali Bose,Female,Kochi,Kerala,South
C1133,Ankit Bose,Male,Nagpur,Maharashtra,West
C1134,Karan Rao,M,Indore,Madhya Pradesh,West
C1135,Siddharth Gupta,M,Gurugram,Haryana,North
C1136,Manish Sharma,M,Indore,Madhya Pradesh,West
C1137,Pranav Mukherjee,M,Ludhiana,Punjab,North
C1138,Siddharth Pillai,Male,Lucknow,Uttar Pradesh,North
C1139,Siddharth Sharma,Male,Ahmedabad,Gujarat,West
C1140,Aditya Kulkarni,Male,Indore,Madhya Pradesh,West
C1141,Komal Verma,Female,Chennai,Tamil Nadu,South
C1142,Siddharth Gupta,Male,Mumbai,Maharashtra,West
C1143,Rohan Chauhan,M,Bengaluru,Karnataka,South
C1144,Meera Gupta,Female,Ranchi,Jharkhand,East
C1145,Payal Rao,F,Bengaluru,Karnataka,South
C1146,Divya Desai,Female,Pune,Maharashtra,West
C1147,Harsh Reddy,Male,Mumbai,Maharashtra,West
C1148,Gaurav Iyer,M,Jaipur,Rajasthan,North
C1149,Yash Khanna,Male,Noida,Uttar Pradesh,North
C1150,Pranav Pillai,Male,Indore,Madhya Pradesh,West
C1151,Swati Rao,F,Mysuru,Karnataka,South
C1152,Swati Mishra,F,Ranchi,Jharkhand,East
C1153,Sanjay Reddy,Male,Hyderabad,Telangana,South
C1154,Karan Mehta,Male, Gurugram  ,Haryana,North
C1155,Simran Malhotra,Female,Hyderabad,Telangana,South
C1156,Rajesh Malhotra,M,Noida,Uttar Pradesh,North
C1157,Sanjay Bose,M,Kolkata,West Bengal,East
C1158,Yash Verma,M,Jaipur,Rajasthan,North
C1159,Tarun Joshi,Male, Hyderabad  ,Telangana,South
C1160,Komal Mehta,F,Hyderabad,Telangana,South
C1161,Rohan Chopra,Male,Jaipur,Rajasthan,North
C1162,Preeti Singh,F,Mumbai,Maharashtra,West
C1163,Kavya Rao,Female,Pune,Maharashtra,West
C1164,Riya Reddy,Female,New Delhi,Delhi,North
C1165,Gaurav Bose,Male,Coimbatore,Tamil Nadu,South
C1166,Vikram Malhotra,M,Indore,Madhya Pradesh,West
C1167,Rahul Patel,Male,Surat,Gujarat,West
C1168,Aditi Rao,F,Kochi,Kerala,South
C1169,Sneha Bose,Female,Mumbai,Maharashtra,West
C1170,Ritika Mehta,Female,Bengaluru,Karnataka,South
C1171,Rohan Joshi,M,Coimbatore,Tamil Nadu,South
C1172,Gaurav Tiwari,Male, Chennai  ,Tamil Nadu,South
C1173,Ananya Gupta,Female,Mumbai,Maharashtra,West
C1174,Ritesh Chauhan,Male,Bengaluru,Karnataka,South
C1175,Siddharth Nair,Male,New Delhi,Delhi,North
C1176,Tanvi Sen,Female,Hyderabad,Telangana,South
C1177,Harsh Reddy,Male,Mumbai,Maharashtra,West
C1178,Deepak Yadav,M,Ludhiana,Punjab,North
C1179,Priya Nair,Female,Mumbai,Maharashtra,West
C1180,Nisha Sharma,F,Mumbai,Maharashtra,West
C1181,Deepak Patel,Male,Ahmedabad,Gujarat,West
C1182,Aditi Shah,Female,Ahmedabad,Gujarat,West
C1183,Tanvi Kulkarni,Female,Surat,Gujarat,West
C1184,Preeti Mishra,F,Gurugram,Haryana,North
C1185,Ritika Desai,Female,Hyderabad,Telangana,South
C1186,Vandana Sen,Female,Mumbai,Maharashtra,West
C1187,Neha Reddy,Female,Ranchi,Jharkhand,East
C1188,Arjun Reddy,M,Ahmedabad,Gujarat,West
C1189,Priya Pillai,Female,Bengaluru,Karnataka,South
C1190,Yash Mukherjee,M,New Delhi,Delhi,North
C1191,Priya Agarwal,Female,Hyderabad,Telangana,South
C1192,Meera Verma,Female,Hyderabad,Telangana,South
C1193,Priya Pillai,F,Chennai,Tamil Nadu,South
C1194,Swati Das,F,Gurugram,Haryana,North
C1195,Payal Nair,Female,Nagpur,Maharashtra,West
C1196,Priya Das,F,Nagpur,Maharashtra,West
C1197,Aditya Chauhan,M,Chennai,Tamil Nadu,South
C1198,Rahul Gupta,M,Gurugram,Haryana,North
C1199,Bhavna Gupta,Female, Pune  ,Maharashtra,West
C1200,Simran Chauhan,Female,Kolkata,West Bengal,East
C1201,Ishita Chopra,Female,Nagpur,Maharashtra,West
C1202,Karan Yadav,Male,Jaipur,Rajasthan,North
C1203,Sakshi Rao,Female,Kolkata,West Bengal,East
C1204,Pranav Menon,Male,Kochi,Kerala,South
C1205,Priya Menon,Female,New Delhi,Delhi,North
C1206,Aditya Malhotra,Male,Kolkata,West Bengal,East
C1207,Simran Pillai,Female,Jaipur,Rajasthan,North
C1208,Sakshi Das,Female,Bengaluru,Karnataka,South
C1209,Meera Khanna,Female,Bengaluru,Karnataka,South
C1210,Divya Reddy,Female,Chennai,Tamil Nadu,South
C1211,Tarun Kulkarni,Male,Kolkata,West Bengal,East
C1212,Manish Rao,Male,Gurugram,Haryana,North
C1213,Nikhil Chopra,Male,Pune,Maharashtra,West
C1214,Neha Desai,Female,Ranchi,Jharkhand,East
C1215,Mohit Shah,M,Chennai,Tamil Nadu,South
C1216,Varun Singh,M,Mumbai,Maharashtra,West
C1217,Lakshmi Khanna,Female,Pune,Maharashtra,West
C1218,Sneha Sharma,Female,Chennai,Tamil Nadu,South
C1219,Aditi Menon,Female, Hyderabad  ,Telangana,South
C1220,Pranav Mehta,Male,Bengaluru,Karnataka,South
C1221,Aditya Mukherjee,Male,Jaipur,Rajasthan,North
C1222,Amit Das,Male,Hyderabad,Telangana,South
C1223,Divya Iyer,F,Bengaluru,Karnataka,South
C1224,Rajesh Yadav,Male, Patna  ,Bihar,East
C1225,Sneha Yadav,Female,Coimbatore,Tamil Nadu,South
C1226,Siddharth Kaur,Male,Kolkata,West Bengal,East
C1227,Arjun Nair,M,Bengaluru,Karnataka,South
C1228,Aditi Tiwari,Female,Coimbatore,Tamil Nadu,South
C1229,Ritika Kulkarni,Female,Mumbai,Maharashtra,West
C1230,Shreya Menon,Female, Bengaluru  ,Karnataka,South
C1231,Mohit Das,Male,Bengaluru,Karnataka,South
C1232,Aarav Desai,Male,Kolkata,West Bengal,East
C1233,Gaurav Shah,Male,Mysuru,Karnataka,South
C1234,Simran Mehta,F,Surat,Gujarat,West
C1235,Vikram Patel,M,Hyderabad,Telangana,South
C1236,Kavya Yadav,F,Pune,Maharashtra,West
C1237,Kavya Agarwal,Female,Kolkata,West Bengal,East
C1238,Ritika Iyer,F,Lucknow,Uttar Pradesh,North
C1239,Divya Shah,Female,Gurugram,Haryana,North
C1240,Bhavna Reddy,Female,Patna,Bihar,East
C1241,Kunal Singh,M,Hyderabad,Telangana,South
C1242,Amit Desai,M,Patna,Bihar,East
C1243,Mohit Chauhan,M,New Delhi,Delhi,North
C1244,Nikhil Das,Male,New Delhi,Delhi,North
C1245,Harsh Patel,Male,Kochi,Kerala,South
C1246,Rohan Gupta,Male,New Delhi,Delhi,North
C1247,Mohit Malhotra,Male,Chennai,Tamil Nadu,South
C1248,Nikhil Verma,Male,Pune,Maharashtra,West
C1249,Aarav Singh,Male,Bengaluru,Karnataka,South
C1250,Ritesh Iyer,M,Chennai,Tamil Nadu,South
C1251,Mohit Patel,Male, Gurugram  ,Haryana,North
C1252,Pooja Agarwal,Female, New Delhi  ,Delhi,North
C1253,Varun Mukherjee,M,Hyderabad,Telangana,South
C1254,Kunal Malhotra,Male,Hyderabad,Telangana,South
C1255,Ritika Sharma,Female,Indore,Madhya Pradesh,West
C1256,Karan Gupta,Male,Bengaluru,Karnataka,South
C1257,Kunal Yadav,Male,Hyderabad,Telangana,South
C1258,Neha Mukherjee,Female,Jaipur,Rajasthan,North
C1259,Rohan Tiwari,Male,Bhubaneswar,Odisha,East
C1260,Rajesh Pillai,Male,Hyderabad,Telangana,South
C1261,Ritika Iyer,F,Noida,Uttar Pradesh,North
C1262,Sanjay Iyer,M,Noida,Uttar Pradesh,North
C1263,Priya Shah,Female,New Delhi,Delhi,North
C1264,Rajesh Yadav,M,New Delhi,Delhi,North
C1265,Rohan Yadav,Male,Mumbai,Maharashtra,West
C1266,Rajesh Reddy,M,Mysuru,Karnataka,South
C1267,Simran Rao,Female,Indore,Madhya Pradesh,West
C1268,Tarun Mehta,Male,Kolkata,West Bengal,East
C1269,Anjali Bansal,F,Noida,Uttar Pradesh,North
C1270,Ritika Yadav,Female,Kolkata,West Bengal,East
C1271,Sanjay Menon,Male,Bhubaneswar,Odisha,East
C1272,Yash Iyer,Male,Mumbai,Maharashtra,West
C1273,Ishita Chauhan,Female, Bengaluru  ,Karnataka,South
C1274,Pooja Mishra,Female,Bengaluru,Karnataka,South
C1275,Pooja Yadav,Female, Mumbai  ,Maharashtra,West
C1276,Sanjay Sharma,Male,Chennai,Tamil Nadu,South
C1277,Rahul Agarwal,M,New Delhi,Delhi,North
C1278,Manish Mishra,M, Bengaluru  ,Karnataka,South
C1279,Sanjay Mishra,Male,Noida,Uttar Pradesh,North
C1280,Simran Chauhan,Female,Pune,Maharashtra,West
C1281,Preeti Mishra,Female, Bengaluru  ,Karnataka,South
C1282,Ishita Patel,F,Mumbai,Maharashtra,West
C1283,Rahul Mishra,Male,Noida,Uttar Pradesh,North
C1284,Vandana Mehta,Female,Lucknow,Uttar Pradesh,North
C1285,Deepak Chauhan,Male, Ranchi  ,Jharkhand,East
C1286,Rohan Chauhan,Male, New Delhi  ,Delhi,North
C1287,Swati Rao,F,Mumbai,Maharashtra,West
C1288,Amit Tiwari,M,Kolkata,West Bengal,East
C1289,Aditi Kaur,Female,Coimbatore,Tamil Nadu,South
C1290,Shreya Tiwari,F,Ludhiana,Punjab,North
C1291,Siddharth Rao,Male,Mumbai,Maharashtra,West
C1292,Aarav Desai,Male,Pune,Maharashtra,West
C1293,Riya Chopra,F,New Delhi,Delhi,North
C1294,Meera Patel,Female,Jaipur,Rajasthan,North
C1295,Sneha Bansal,F, Chandigarh  ,Chandigarh,North
C1296,Divya Kaur,Female,Mysuru,Karnataka,South
C1297,Mohit Das,Male,Pune,Maharashtra,West
C1298,Nisha Desai,Female,Mysuru,Karnataka,South
C1299,Ritika Singh,F,Ranchi,Jharkhand,East
C1300,Aarav Mehta,Male,Kochi,Kerala,South
C1301,Nikhil Nair,Male,Surat,Gujarat,West
C1302,Pranav Patel,Male,Chennai,Tamil Nadu,South
C1303,Rohan Mehta,M,Kolkata,West Bengal,East
C1304,Ashish Malhotra,Male,Pune,Maharashtra,West
C1305,Rajesh Agarwal,M,Patna,Bihar,East
C1306,Manish Malhotra,Male, Lucknow  ,Uttar Pradesh,North
C1307,Bhavna Das,Female,Bhubaneswar,Odisha,East
C1308,Karan Chopra,M,Hyderabad,Telangana,South
C1309,Sakshi Reddy,Female,Kolkata,West Bengal,East
C1310,Nikhil Verma,Male,Kochi,Kerala,South
C1311,Vandana Malhotra,F, Ahmedabad  ,Gujarat,West
C1312,Ananya Das,Female,Mysuru,Karnataka,South
C1313,Gaurav Desai,Male,Kolkata,West Bengal,East
C1314,Preeti Agarwal,Female,Surat,Gujarat,West
C1315,Yash Desai,Male,Jaipur,Rajasthan,North
C1316,Riya Kaur,Female,New Delhi,Delhi,North
C1317,Tanvi Gupta,F,Chennai,Tamil Nadu,South
C1318,Simran Khanna,F,Kolkata,West Bengal,East
C1319,Manish Menon,M,Bengaluru,Karnataka,South
C1320,Meera Desai,F,Mumbai,Maharashtra,West
C1321,Karan Agarwal,M, Mumbai  ,Maharashtra,West
C1322,Shreya Das,F,Hyderabad,Telangana,South
C1323,Arjun Desai,Male,Chennai,Tamil Nadu,South
C1324,Sanjay Singh,Male,Noida,Uttar Pradesh,North
C1325,Deepak Kulkarni,Male,Pune,Maharashtra,West
C1326,Arjun Mukherjee,Male, Patna  ,Bihar,East
C1327,Vikram Reddy,Male,Gurugram,Haryana,North
C1328,Tanvi Desai,Female,Kolkata,West Bengal,East
C1329,Deepak Desai,Male,Jaipur,Rajasthan,North
C1330,Yash Yadav,Male, Kochi  ,Kerala,South
C1331,Rahul Menon,Male, Chandigarh  ,Chandigarh,North
C1332,Pranav Shah,Male,Hyderabad,Telangana,South
C1333,Nisha Mukherjee,Female,Mumbai,Maharashtra,West
C1334,Aarav Shah,Male, Gurugram  ,Haryana,North
C1335,Arjun Reddy,Male,Bengaluru,Karnataka,South
C1336,Tanvi Mishra,Female,Kolkata,West Bengal,East
C1337,Sakshi Menon,Female,Ranchi,Jharkhand,East
C1338,Komal Singh,Female,Patna,Bihar,East
C1339,Varun Bose,Male,Noida,Uttar Pradesh,North
C1340,Varun Desai,Male,Mysuru,Karnataka,South
C1341,Amit Das,M,Indore,Madhya Pradesh,West
C1342,Swati Mishra,Female,Coimbatore,Tamil Nadu,South
C1343,Yash Nair,M,Chandigarh,Chandigarh,North
C1344,Tarun Gupta,Male,Kolkata,West Bengal,East
C1345,Shreya Das,Female, Ahmedabad  ,Gujarat,West
C1346,Tarun Joshi,Male,Chennai,Tamil Nadu,South
C1347,Ashish Singh,M,Ahmedabad,Gujarat,West
C1348,Sneha Tiwari,F,Jaipur,Rajasthan,North
C1349,Lakshmi Rao,F,Gurugram,Haryana,North
C1350,Simran Shah,Female,Gurugram,Haryana,North
C1351,Siddharth Mishra,Male,Indore,Madhya Pradesh,West
C1352,Amit Iyer,Male, Chennai  ,Tamil Nadu,South
C1353,Aarav Verma,M, Jaipur  ,Rajasthan,North
C1354,Ishita Sen,F,Kolkata,West Bengal,East
C1355,Bhavna Chauhan,Female, Bengaluru  ,Karnataka,South
C1356,Ritesh Gupta,Male,Chandigarh,Chandigarh,North
C1357,Varun Malhotra,Male,Noida,Uttar Pradesh,North
C1358,Komal Pillai,Female,Kolkata,West Bengal,East
C1359,Riya Kulkarni,Female,Kochi,Kerala,South
C1360,Kunal Chopra,Male,Coimbatore,Tamil Nadu,South
C1361,Harsh Chopra,Male,Hyderabad,Telangana,South
C1362,Siddharth Iyer,Male,Noida,Uttar Pradesh,North
C1363,Komal Kulkarni,Female,Hyderabad,Telangana,South
C1364,Ananya Yadav,Female,Noida,Uttar Pradesh,North
C1365,Lakshmi Chauhan,Female,Jaipur,Rajasthan,North
C1366,Ritesh Yadav,Male,New Delhi,Delhi,North
C1367,Karan Bansal,M,Bhubaneswar,Odisha,East
C1368,Sanjay Rao,M,Mumbai,Maharashtra,West
C1369,Rahul Mishra,Male,Chennai,Tamil Nadu,South
C1370,Kunal Das,Male,Lucknow,Uttar Pradesh,North
C1371,Aditi Verma,F,Nagpur,Maharashtra,West
C1372,Ritika Rao,Female,Hyderabad,Telangana,South
C1373,Karan Bose,Male,Bhubaneswar,Odisha,East
C1374,Vikram Mishra,Male,New Delhi,Delhi,North
C1375,Varun Desai,M,Surat,Gujarat,West
C1376,Payal Mukherjee,Female,Ahmedabad,Gujarat,West
C1377,Bhavna Singh,F, Jaipur  ,Rajasthan,North
C1378,Lakshmi Yadav,Female,Hyderabad,Telangana,South
C1379,Aditi Menon,Female,New Delhi,Delhi,North
C1380,Preeti Yadav,Female,Ludhiana,Punjab,North
C1381,Ankit Malhotra,Male,Hyderabad,Telangana,South
C1382,Gaurav Bose,Male,Noida,Uttar Pradesh,North
C1383,Pooja Agarwal,Female,Chennai,Tamil Nadu,South
C1384,Swati Bose,F,Bengaluru,Karnataka,South
C1385,Divya Bansal,Female,Hyderabad,Telangana,South
C1386,Ishita Tiwari,Female,Mumbai,Maharashtra,West
C1387,Mohit Patel,M,Patna,Bihar,East
C1388,Ritesh Bansal,Male,Lucknow,Uttar Pradesh,North
C1389,Payal Sen,Female,Indore,Madhya Pradesh,West
C1390,Mohit Rao,Male, Hyderabad  ,Telangana,South
C1391,Divya Bose,F,Ahmedabad,Gujarat,West
C1392,Sneha Kulkarni,F,Coimbatore,Tamil Nadu,South
C1393,Shreya Rao,Female,Bengaluru,Karnataka,South
C1394,Divya Singh,Female,Bengaluru,Karnataka,South
C1395,Meera Yadav,Female,Chennai,Tamil Nadu,South
C1396,Ritika Gupta,Female,Ahmedabad,Gujarat,West
C1397,Vikram Iyer,Male,Kolkata,West Bengal,East
C1398,Siddharth Chopra,Male,Mumbai,Maharashtra,West
C1399,Kunal Iyer,Male,Chennai,Tamil Nadu,South
C1400,Kunal Reddy,M,Noida,Uttar Pradesh,North
C1401,Aditya Malhotra,Male,Pune,Maharashtra,West
C1402,Tanvi Singh,F,Pune,Maharashtra,West
C1403,Gaurav Bose,M,Bengaluru,Karnataka,South
C1404,Sanjay Verma,Male,Surat,Gujarat,West
C1405,Riya Tiwari,Female,Chandigarh,Chandigarh,North
C1406,Tanvi Chopra,F,Noida,Uttar Pradesh,North
C1407,Ritesh Pillai,Male,Noida,Uttar Pradesh,North
C1408,Kunal Sharma,Male, Pune  ,Maharashtra,West
C1409,Lakshmi Pillai,F,Jaipur,Rajasthan,North
C1410,Deepak Sen,Male,Pune,Maharashtra,West
C1411,Ananya Kaur,Female,Mumbai,Maharashtra,West
C1412,Arjun Bansal,Male,Mumbai,Maharashtra,West
C1413,Deepak Chauhan,Male,Guwahati,Assam,East
C1414,Sanjay Mukherjee,Male,Pune,Maharashtra,West
C1415,Yash Agarwal,Male,Chennai,Tamil Nadu,South
C1416,Ritika Mishra,F,Mumbai,Maharashtra,West
C1417,Ashish Yadav,Male,Bhubaneswar,Odisha,East
C1418,Ishita Sen,Female,Bengaluru,Karnataka,South
C1419,Siddharth Patel,Male,Hyderabad,Telangana,South
C1420,Tanvi Sen,F,Bengaluru,Karnataka,South
C1421,Aarav Chopra,Male,Bhubaneswar,Odisha,East
C1422,Meera Desai,Female,Indore,Madhya Pradesh,West
C1423,Simran Mishra,Female,Ahmedabad,Gujarat,West
C1424,Nisha Agarwal,Female,Ahmedabad,Gujarat,West
C1425,Rahul Tiwari,M,Hyderabad,Telangana,South
C1426,Varun Khanna,Male,Mumbai,Maharashtra,West
C1427,Vikram Menon,M,Chandigarh,Chandigarh,North
C1428,Ritika Sharma,Female,Chennai,Tamil Nadu,South
C1429,Deepak Pillai,Male,Nagpur,Maharashtra,West
C1430,Sakshi Desai,Female,Lucknow,Uttar Pradesh,North
C1431,Aarav Gupta,M,Bengaluru,Karnataka,South
C1432,Komal Malhotra,Female,Indore,Madhya Pradesh,West
C1433,Vikram Chauhan,Male,Surat,Gujarat,West
C1434,Varun Nair,Male,Chennai,Tamil Nadu,South
C1435,Priya Patel,Female,Lucknow,Uttar Pradesh,North
C1436,Deepak Singh,Male,Chennai,Tamil Nadu,South
C1437,Riya Bose,F,Bhubaneswar,Odisha,East
C1438,Meera Singh,Female,New Delhi,Delhi,North
C1439,Ritesh Yadav,Male,Surat,Gujarat,West
C1440,Deepak Patel,Male,Kolkata,West Bengal,East
C1441,Lakshmi Tiwari,F,Gurugram,Haryana,North
C1442,Tanvi Patel,Female,Lucknow,Uttar Pradesh,North
C1443,Aditya Sen,Male,Coimbatore,Tamil Nadu,South
C1444,Aarav Agarwal,Male,Pune,Maharashtra,West
C1445,Ritika Verma,F,Ranchi,Jharkhand,East
C1446,Anjali Rao,Female,Kochi,Kerala,South
C1447,Mohit Gupta,Male,Ahmedabad,Gujarat,West
C1448,Lakshmi Joshi,Female,Bengaluru,Karnataka,South
C1449,Rohan Bansal,M, Chennai  ,Tamil Nadu,South
C1450,Aarav Rao,Male,Pune,Maharashtra,West
C1451,Amit Tiwari,Male,Surat,Gujarat,West
C1452,Ananya Menon,Female,Nagpur,Maharashtra,West
C1453,Vikram Rao,Male,Bengaluru,Karnataka,South
C1454,Neha Sen,Female,Nagpur,Maharashtra,West
C1455,Tarun Mehta,Male,Kolkata,West Bengal,East
C1456,Pranav Reddy,Male,Kolkata,West Bengal,East
C1457,Varun Kulkarni,M,Noida,Uttar Pradesh,North
C1458,Nikhil Bansal,Male,New Delhi,Delhi,North
C1459,Rajesh Nair,M,New Delhi,Delhi,North
C1460,Ashish Menon,M,Surat,Gujarat,West
C1461,Yash Kulkarni,M,Mumbai,Maharashtra,West
C1462,Kavya Bansal,F,Lucknow,Uttar Pradesh,North
C1463,Rahul Shah,M,Kolkata,West Bengal,East
C1464,Kavya Pillai,Female, Coimbatore  ,Tamil Nadu,South
C1465,Ananya Khanna,F,Gurugram,Haryana,North
C1466,Arjun Pillai,Male,Ahmedabad,Gujarat,West
C1467,Tarun Khanna,Male,Ahmedabad,Gujarat,West
C1468,Deepak Chopra,Male,Ahmedabad,Gujarat,West
C1469,Kunal Reddy,Male,Bengaluru,Karnataka,South
C1470,Aditya Pillai,Male,Jaipur,Rajasthan,North
C1471,Vandana Tiwari,Female,Gurugram,Haryana,North
C1472,Mohit Rao,Male,Lucknow,Uttar Pradesh,North
C1473,Karan Kulkarni,Male,Nagpur,Maharashtra,West
C1474,Ritesh Shah,Male,Ranchi,Jharkhand,East
C1475,Tarun Menon,Male,Mumbai,Maharashtra,West
C1476,Karan Mishra,Male,Chennai,Tamil Nadu,South
C1477,Sakshi Mishra,F,Guwahati,Assam,East
C1478,Priya Kaur,F,Lucknow,Uttar Pradesh,North
C1479,Gaurav Malhotra,Male,Mumbai,Maharashtra,West
C1480,Tarun Kaur,Male,Ahmedabad,Gujarat,West
C1481,Sneha Das,Female,Coimbatore,Tamil Nadu,South
C1482,Komal Singh,F,Pune,Maharashtra,West
C1483,Aarav Chauhan,M,New Delhi,Delhi,North
C1484,Tanvi Tiwari,Female,Hyderabad,Telangana,South
C1485,Harsh Mehta,M,Chennai,Tamil Nadu,South
C1486,Tanvi Kaur,Female,Indore,Madhya Pradesh,West
C1487,Komal Yadav,F,Chennai,Tamil Nadu,South
C1488,Varun Kulkarni,Male,Kochi,Kerala,South
C1489,Vikram Malhotra,Male,Mysuru,Karnataka,South
C1490,Pooja Agarwal,Female,New Delhi,Delhi,North
C1491,Ankit Joshi,Male, Jaipur  ,Rajasthan,North
C1492,Divya Menon,F,Mumbai,Maharashtra,West
C1493,Gaurav Bansal,Male,Kolkata,West Bengal,East
C1494,Harsh Bose,Male,Hyderabad,Telangana,South
C1495,Tanvi Tiwari,F,New Delhi,Delhi,North
C1496,Yash Pillai,M,Mumbai,Maharashtra,West
C1497,Nikhil Singh,Male,Pune,Maharashtra,West
C1498,Siddharth Tiwari,M,Gurugram,Haryana,North
C1499,Aditya Patel,M,Chennai,Tamil Nadu,South
C1500,Varun Rao,Male,Noida,Uttar Pradesh,North
C1501,Lakshmi Bose,Female,Bengaluru,Karnataka,South
C1502,Pranav Menon,Male,New Delhi,Delhi,North
C1503,Tarun Chopra,Male,Chandigarh,Chandigarh,North
C1504,Meera Sharma,Female,Jaipur,Rajasthan,North
C1505,Swati Chauhan,Female,Bhubaneswar,Odisha,East
C1506,Manish Nair,Male,Gurugram,Haryana,North
C1507,Harsh Reddy,Male,Mumbai,Maharashtra,West
C1508,Rajesh Mishra,Male,Kolkata,West Bengal,East
C1509,Divya Singh,Female,Nagpur,Maharashtra,West
C1510,Nikhil Yadav,Male,Ranchi,Jharkhand,East
C1511,Ashish Kulkarni,Male,Chennai,Tamil Nadu,South
C1512,Nikhil Mukherjee,M,Patna,Bihar,East
C1513,Ananya Das,Female,Nagpur,Maharashtra,West
C1514,Amit Gupta,M,Guwahati,Assam,East
C1515,Siddharth Agarwal,M,Hyderabad,Telangana,South
C1516,Tanvi Sen,Female,Chennai,Tamil Nadu,South
C1517,Gaurav Bansal,Male, Mumbai  ,Maharashtra,West
C1518,Siddharth Kulkarni,M,Bengaluru,Karnataka,South
C1519,Harsh Joshi,M,Gurugram,Haryana,North
C1520,Vandana Sen,F,Mumbai,Maharashtra,West
C1521,Varun Mishra,Male,Chennai,Tamil Nadu,South
C1522,Aarav Gupta,Male,Mumbai,Maharashtra,West
C1523,Shreya Rao,F,Bhubaneswar,Odisha,East
C1524,Deepak Kulkarni,Male,Bengaluru,Karnataka,South
C1525,Siddharth Shah,Male,Mysuru,Karnataka,South
C1526,Tarun Pillai,Male,Pune,Maharashtra,West
C1527,Anjali Sen,F,Bengaluru,Karnataka,South
C1528,Gaurav Das,Male,Chennai,Tamil Nadu,South
C1529,Rajesh Malhotra,Male,Noida,Uttar Pradesh,North
C1530,Preeti Mukherjee,Female,Chennai,Tamil Nadu,South
C1531,Manish Kaur,Male,Mysuru,Karnataka,South
C1532,Vandana Bose,Female,Chandigarh,Chandigarh,North
C1533,Divya Shah,Female,Bhubaneswar,Odisha,East
C1534,Divya Rao,Female,Pune,Maharashtra,West
C1535,Karan Agarwal,Male,Patna,Bihar,East
C1536,Amit Singh,M,Bhubaneswar,Odisha,East
C1537,Kavya Agarwal,Female,New Delhi,Delhi,North
C1538,Gaurav Bansal,Male,Pune,Maharashtra,West
C1539,Vandana Nair,F,New Delhi,Delhi,North
C1540,Riya Reddy,Female,Kolkata,West Bengal,East
C1541,Yash Sen,Male,Hyderabad,Telangana,South
C1542,Nikhil Agarwal,Male,Surat,Gujarat,West
C1543,Pranav Bansal,M,Kolkata,West Bengal,East
C1544,Ankit Menon,Male, Mysuru  ,Karnataka,South
C1545,Arjun Mehta,Male,Noida,Uttar Pradesh,North
C1546,Riya Shah,Female,Hyderabad,Telangana,South
C1547,Siddharth Kaur,M,Guwahati,Assam,East
C1548,Pooja Shah,Female,Kolkata,West Bengal,East
C1549,Aarav Kulkarni,M, Mumbai  ,Maharashtra,West
C1550,Ritika Iyer,Female,Chennai,Tamil Nadu,South
C1551,Nikhil Verma,M,Nagpur,Maharashtra,West
C1552,Rohan Mukherjee,Male,Mysuru,Karnataka,South
C1553,Shreya Kulkarni,F,Mumbai,Maharashtra,West
C1554,Vikram Joshi,Male,Chennai,Tamil Nadu,South
C1555,Ritesh Sen,Male,Gurugram,Haryana,North
C1556,Kavya Chauhan,F,Indore,Madhya Pradesh,West
C1557,Aarav Pillai,M,Bengaluru,Karnataka,South
C1558,Shreya Sen,Female,New Delhi,Delhi,North
C1559,Harsh Bose,Male,Hyderabad,Telangana,South
C1560,Meera Nair,F, Noida  ,Uttar Pradesh,North
C1561,Priya Patel,Female,Chennai,Tamil Nadu,South
C1562,Swati Mehta,F,New Delhi,Delhi,North
C1563,Aditya Chopra,Male,Kochi,Kerala,South
C1564,Harsh Gupta,M,Noida,Uttar Pradesh,North
C1565,Pranav Joshi,Male,Bengaluru,Karnataka,South
C1566,Tarun Verma,Male,Patna,Bihar,East
C1567,Vikram Iyer,Male,Nagpur,Maharashtra,West
C1568,Sakshi Shah,F,Gurugram,Haryana,North
C1569,Sneha Rao,Female,Kolkata,West Bengal,East
C1570,Kavya Mukherjee,Female,Chennai,Tamil Nadu,South
C1571,Ritesh Malhotra,M,New Delhi,Delhi,North
C1572,Ashish Menon,Male,Ranchi,Jharkhand,East
C1573,Bhavna Rao,F,New Delhi,Delhi,North
C1574,Lakshmi Das,Female,Bengaluru,Karnataka,South
C1575,Nisha Bose,Female,New Delhi,Delhi,North
C1576,Aditi Shah,Female,Indore,Madhya Pradesh,West
C1577,Pranav Malhotra,Male,New Delhi,Delhi,North
C1578,Shreya Pillai,Female,Noida,Uttar Pradesh,North
C1579,Ashish Verma,M,Bhubaneswar,Odisha,East
C1580,Bhavna Agarwal,F,Chennai,Tamil Nadu,South
C1581,Karan Bansal,M,New Delhi,Delhi,North
C1582,Riya Joshi,Female,Bengaluru,Karnataka,South
C1583,Amit Patel,Male,Ludhiana,Punjab,North
C1584,Simran Gupta,Female,Gurugram,Haryana,North
C1585,Pooja Rao,Female,Pune,Maharashtra,West
C1586,Pooja Mukherjee,Female, Guwahati  ,Assam,East
C1587,Sneha Nair,Female,Patna,Bihar,East
C1588,Aarav Malhotra,M,Surat,Gujarat,West
C1589,Varun Kulkarni,Male,Coimbatore,Tamil Nadu,South
C1590,Bhavna Sen,F,Guwahati,Assam,East
C1591,Shreya Verma,F,Hyderabad,Telangana,South
C1592,Siddharth Shah,Male,Chennai,Tamil Nadu,South
C1593,Kunal Shah,M,Chennai,Tamil Nadu,South
C1594,Kunal Chauhan,Male,New Delhi,Delhi,North
C1595,Aditi Gupta,Female,Hyderabad,Telangana,South
C1596,Simran Rao,Female,Mumbai,Maharashtra,West
C1597,Nikhil Mishra,M,Noida,Uttar Pradesh,North
C1598,Mohit Pillai,Male,Guwahati,Assam,East
C1599,Tarun Mishra,Male,Kochi,Kerala,South
C1600,Riya Malhotra,Female,Guwahati,Assam,East
